deepbindiff.cal_block_embeddings;operand_embed;deepbindiff.cal_block_embeddings.operand_embed
deepbindiff.cal_block_embeddings;operand_embed;deepbindiff.cal_block_embeddings.operand_embed
deepbindiff.cal_block_embeddings;operand_embed.size;libnrl.node2vec.Node2vec.size
deepwalk.process;G;deepwalk.process.G
deepwalk.process;G;deepwalk.process.G
deepwalk.process;G.nodes();graph.Graph.nodes
graph.build_deepwalk_corpus;G;G
graph.build_deepwalk_corpus;G.nodes();graph.Graph.nodes
graph.build_deepwalk_corpus;G;G
graph.build_deepwalk_corpus;G.random_walk(path_length;rand;alpha;node);graph.Graph.random_walk
graph.build_deepwalk_corpus_iter;G;G
graph.build_deepwalk_corpus_iter;G.nodes();graph.Graph.nodes
graph.build_deepwalk_corpus_iter;G;G
graph.build_deepwalk_corpus_iter;G.random_walk(path_length;rand;alpha;node);graph.Graph.random_walk
graph.load_adjacencylist;G;graph.load_adjacencylist.G
graph.load_adjacencylist;G;graph.load_adjacencylist.G
graph.load_adjacencylist;G.make_undirected();graph.Graph.make_undirected
libnrl.gcn.gcnAPI.GCN.__init__;self.model;libnrl.gcn.gcnAPI.GCN.model
libnrl.gcn.gcnAPI.GCN.__init__;self.model.opt_op;libnrl.gcn.models.Model.opt_op
libnrl.gcn.gcnAPI.GCN.__init__;self.model;libnrl.gcn.gcnAPI.GCN.model
libnrl.gcn.gcnAPI.GCN.__init__;self.model.loss;libnrl.gcn.models.Model.loss
libnrl.gcn.gcnAPI.GCN.__init__;self.model;libnrl.gcn.gcnAPI.GCN.model
libnrl.gcn.gcnAPI.GCN.__init__;self.model.accuracy;libnrl.gcn.models.Model.accuracy
libnrl.gcn.gcnAPI.GCN.evaluate;self.model;libnrl.gcn.gcnAPI.GCN.model
libnrl.gcn.gcnAPI.GCN.evaluate;self.model.loss;libnrl.gcn.models.Model.loss
libnrl.gcn.gcnAPI.GCN.evaluate;self.model;libnrl.gcn.gcnAPI.GCN.model
libnrl.gcn.gcnAPI.GCN.evaluate;self.model.accuracy;libnrl.gcn.models.Model.accuracy
libnrl.gcn.gcnAPI.GCN.build_label;g;libnrl.gcn.gcnAPI.GCN.build_label.g
libnrl.gcn.gcnAPI.GCN.build_label;self.graph;libnrl.gcn.gcnAPI.GCN.graph
libnrl.gcn.gcnAPI.GCN.build_label;self.graph;libnrl.gcn.gcnAPI.GCN.graph
libnrl.gcn.gcnAPI.GCN.build_label;g;libnrl.gcn.gcnAPI.GCN.build_label.g
libnrl.gcn.gcnAPI.GCN.build_label;g.nodes();graph.Graph.nodes
libnrl.gcn.gcnAPI.GCN.build_label;g;libnrl.gcn.gcnAPI.GCN.build_label.g
libnrl.gcn.gcnAPI.GCN.build_train_val_test;self.graph;libnrl.gcn.gcnAPI.GCN.graph
libnrl.gcn.gcnAPI.GCN.build_train_val_test;self.graph.G.number_of_nodes();graph.Graph.number_of_nodes
libnrl.gcn.gcnAPI.GCN.build_train_val_test;self.graph;libnrl.gcn.gcnAPI.GCN.graph
libnrl.gcn.gcnAPI.GCN.build_train_val_test;g;libnrl.gcn.gcnAPI.GCN.build_train_val_test.g
libnrl.gcn.gcnAPI.GCN.build_train_val_test;self.graph;libnrl.gcn.gcnAPI.GCN.graph
libnrl.gcn.gcnAPI.GCN.build_train_val_test;g;libnrl.gcn.gcnAPI.GCN.build_train_val_test.g
libnrl.gcn.gcnAPI.GCN.build_train_val_test;g.number_of_nodes();graph.Graph.number_of_nodes
libnrl.gcn.gcnAPI.GCN.preprocess_data;g;libnrl.gcn.gcnAPI.GCN.preprocess_data.g
libnrl.gcn.gcnAPI.GCN.preprocess_data;self.graph;libnrl.gcn.gcnAPI.GCN.graph
libnrl.gcn.gcnAPI.GCN.preprocess_data;self.graph.G;libnrl.graph.Graph.G
libnrl.gcn.gcnAPI.GCN.preprocess_data;self.graph;libnrl.gcn.gcnAPI.GCN.graph
libnrl.gcn.gcnAPI.GCN.preprocess_data;self.graph.look_back_list;libnrl.graph.Graph.look_back_list
libnrl.gcn.gcnAPI.GCN.preprocess_data;g;libnrl.gcn.gcnAPI.GCN.preprocess_data.g
libnrl.gcn.gcnAPI.GCN.preprocess_data;g;libnrl.gcn.gcnAPI.GCN.preprocess_data.g
libnrl.gcn.gcnAPI.GCN.preprocess_data;g.number_of_nodes();graph.Graph.number_of_nodes
libnrl.gcn.gcnAPI.GCN.preprocess_data;self.support;libnrl.gcn.layers.GraphConvolution.support
libnrl.gcn.gcnAPI.GCN.construct_feed_dict;self.support;libnrl.gcn.layers.GraphConvolution.support
libnrl.gcn.models.Model.save;saver;libnrl.gcn.models.Model.save.saver
libnrl.gcn.models.Model.save;saver;libnrl.gcn.models.Model.save.saver
libnrl.gcn.models.Model.save;saver.save(sess;6);libnrl.gcn.models.Model.save
libnrl.gcn.models.MLP.__init__;FLAGS;libnrl.gcn.models.FLAGS
libnrl.gcn.models.MLP.__init__;FLAGS.learning_rate;libnrl.gcn.gcnAPI.GCN.learning_rate
libnrl.gcn.models.MLP._loss;FLAGS;libnrl.gcn.models.FLAGS
libnrl.gcn.models.MLP._build;FLAGS;libnrl.gcn.models.FLAGS
libnrl.gcn.train;FLAGS;libnrl.gcn.train.FLAGS
libnrl.gcn.train;FLAGS;libnrl.gcn.train.FLAGS
libnrl.gcn.train;FLAGS;libnrl.gcn.train.FLAGS
libnrl.gcn.train;FLAGS.model;libnrl.gcn.gcnAPI.GCN.model
libnrl.gcn.train;FLAGS;libnrl.gcn.train.FLAGS
libnrl.gcn.train;FLAGS.max_degree;libnrl.gcn.gcnAPI.GCN.max_degree
libnrl.gcn.train;model;libnrl.gcn.train.model
libnrl.gcn.train;FLAGS;libnrl.gcn.train.FLAGS
libnrl.gcn.train;FLAGS.epochs;libnrl.gcn.gcnAPI.GCN.epochs
libnrl.gcn.train;FLAGS;libnrl.gcn.train.FLAGS
libnrl.gcn.train;FLAGS.dropout;libnrl.gcn.gcnAPI.GCN.dropout
libnrl.gcn.train;model;libnrl.gcn.train.model
libnrl.gcn.train;model.opt_op;libnrl.gcn.models.Model.opt_op
libnrl.gcn.train;model;libnrl.gcn.train.model
libnrl.gcn.train;model.loss;libnrl.gcn.models.Model.loss
libnrl.gcn.train;model;libnrl.gcn.train.model
libnrl.gcn.train;model.accuracy;libnrl.gcn.models.Model.accuracy
libnrl.gcn.train;FLAGS;libnrl.gcn.train.FLAGS
libnrl.gcn.train;FLAGS.early_stopping;libnrl.gcn.gcnAPI.GCN.early_stopping
libnrl.gcn.train.evaluate;model;libnrl.gcn.train.model
libnrl.gcn.train.evaluate;model.loss;libnrl.gcn.models.Model.loss
libnrl.gcn.train.evaluate;model;libnrl.gcn.train.model
libnrl.gcn.train.evaluate;model.accuracy;libnrl.gcn.models.Model.accuracy
libnrl.graph.Graph.encode_node;self.G;libnrl.graph.Graph.G
libnrl.graph.Graph.encode_node;self.G.nodes();graph.Graph.nodes
libnrl.graph.Graph.encode_node;self.G;libnrl.graph.Graph.G
libnrl.grarep.GraRep.getAdjMat;self.g;libnrl.grarep.GraRep.g
libnrl.grarep.GraRep.getAdjMat;self.g;libnrl.grarep.GraRep.g
libnrl.grarep.GraRep.getAdjMat;self.g;libnrl.grarep.GraRep.g
libnrl.grarep.GraRep.getAdjMat;self.g;libnrl.grarep.GraRep.g
libnrl.grarep.GraRep.train;self.g;libnrl.grarep.GraRep.g
libnrl.grarep.GraRep.train;self.g.look_back_list;libnrl.graph.Graph.look_back_list
libnrl.grarep.GraRep.train;self.vectorsnull;libnrl.node2vec.Node2vec.vectorsnull
libnrl.line._LINE.__init__;graph;graph
libnrl.line._LINE.__init__;graph;graph
libnrl.line._LINE.__init__;graph.G.number_of_nodes();graph.Graph.number_of_nodes
libnrl.line._LINE.build_graph;self.embeddings;libnrl.classify.Classifier.embeddings
libnrl.line._LINE.build_graph;self.loss;libnrl.gcn.models.Model.loss
libnrl.line._LINE.train_one_epoch;self.loss;libnrl.gcn.models.Model.loss
libnrl.line._LINE.batch_iter;self.g;libnrl.line._LINE.g
libnrl.line._LINE.batch_iter;self.g;libnrl.line._LINE.g
libnrl.line._LINE.batch_iter;self.g;libnrl.line._LINE.g
libnrl.line._LINE.batch_iter;self.g.G.number_of_edges();graph.Graph.number_of_edges
libnrl.line._LINE.gen_sampling_table;self.g;libnrl.line._LINE.g
libnrl.line._LINE.gen_sampling_table;self.g;libnrl.line._LINE.g
libnrl.line._LINE.gen_sampling_table;self.g;libnrl.line._LINE.g
libnrl.line._LINE.gen_sampling_table;self.g;libnrl.line._LINE.g
libnrl.line._LINE.gen_sampling_table;self.g.G.number_of_edges();graph.Graph.number_of_edges
libnrl.line._LINE.get_embeddings;self.g;libnrl.line._LINE.g
libnrl.line._LINE.get_embeddings;self.g.look_back_list;libnrl.graph.Graph.look_back_list
libnrl.line.LINE.get_embeddings;self.vectorsnull;libnrl.node2vec.Node2vec.vectorsnull
libnrl.node2vec.Node2vec.__init__;graph;graph
libnrl.node2vec.Node2vec.__init__;self.walker;libnrl.node2vec.Node2vec.walker
libnrl.node2vec.Node2vec.__init__;self.walker.preprocess_transition_probs();libnrl.walker.Walker.preprocess_transition_probs
libnrl.node2vec.Node2vec.__init__;self.walker;libnrl.node2vec.Node2vec.walker
libnrl.node2vec.Node2vec.__init__;self.walker.simulate_walks(num_paths;path_length);libnrl.walker.Walker.simulate_walks
libnrl.node2vec.Node2vec.__init__;graph;graph
libnrl.node2vec.Node2vec.__init__;graph.G.nodes();graph.Graph.nodes
libnrl.tadw.TADW.getAdj;self.g;libnrl.tadw.TADW.g
libnrl.tadw.TADW.getAdj;self.g;libnrl.tadw.TADW.g
libnrl.tadw.TADW.getAdj;self.g;libnrl.tadw.TADW.g
libnrl.tadw.TADW.save_embeddings;self.g;libnrl.tadw.TADW.g
libnrl.tadw.TADW.save_embeddings;self.g;libnrl.tadw.TADW.g
libnrl.tadw.TADW.save_embeddings;self.g;libnrl.tadw.TADW.g
libnrl.tadw.TADW.getT;g;libnrl.tadw.TADW.getT.g
libnrl.tadw.TADW.getT;self.g;libnrl.tadw.TADW.g
libnrl.tadw.TADW.getT;self.g.G;libnrl.graph.Graph.G
libnrl.tadw.TADW.getT;self.g;libnrl.tadw.TADW.g
libnrl.tadw.TADW.getT;self.g.look_back_list;libnrl.graph.Graph.look_back_list
libnrl.tadw.TADW.getT;g;libnrl.tadw.TADW.getT.g
libnrl.tadw.TADW.getT;g;libnrl.tadw.TADW.getT.g
libnrl.tadw.TADW.getT;g.number_of_nodes();graph.Graph.number_of_nodes
libnrl.tadw.TADW.train;self.g;libnrl.tadw.TADW.g
libnrl.tadw.TADW.train;self.g.look_back_list;libnrl.graph.Graph.look_back_list
libnrl.tadw.TADW.train;self.vectorsnull;libnrl.node2vec.Node2vec.vectorsnull
libnrl.tadw_gpu.TADW_GPU.getAdj;self.g;libnrl.tadw_gpu.TADW_GPU.g
libnrl.tadw_gpu.TADW_GPU.getAdj;self.g;libnrl.tadw_gpu.TADW_GPU.g
libnrl.tadw_gpu.TADW_GPU.getAdj;self.g;libnrl.tadw_gpu.TADW_GPU.g
libnrl.tadw_gpu.TADW_GPU.getT;g;libnrl.tadw_gpu.TADW_GPU.getT.g
libnrl.tadw_gpu.TADW_GPU.getT;self.g;libnrl.tadw_gpu.TADW_GPU.g
libnrl.tadw_gpu.TADW_GPU.getT;self.g.G;libnrl.graph.Graph.G
libnrl.tadw_gpu.TADW_GPU.getT;self.g;libnrl.tadw_gpu.TADW_GPU.g
libnrl.tadw_gpu.TADW_GPU.getT;self.g.look_back_list;libnrl.graph.Graph.look_back_list
libnrl.tadw_gpu.TADW_GPU.getT;g;libnrl.tadw_gpu.TADW_GPU.getT.g
libnrl.tadw_gpu.TADW_GPU.getT;g;libnrl.tadw_gpu.TADW_GPU.getT.g
libnrl.tadw_gpu.TADW_GPU.getT;g.number_of_nodes();graph.Graph.number_of_nodes
libnrl.tadw_gpu.TADW_GPU.train;self.g;libnrl.tadw_gpu.TADW_GPU.g
libnrl.tadw_gpu.TADW_GPU.train;self.g.look_back_list;libnrl.graph.Graph.look_back_list
libnrl.tadw_gpu.TADW_GPU.train;self.vectorsnull;libnrl.node2vec.Node2vec.vectorsnull
libnrl.walker.deepwalk_walk_wrapper;class_instance;class_instance
libnrl.walker.deepwalk_walk_wrapper;class_instance.deepwalk_walk(walk_length;start_node);libnrl.walker.BasicWalker.deepwalk_walk
libnrl.walker.BasicWalker.__init__;G;G
libnrl.walker.BasicWalker.__init__;G;G
libnrl.walker.BasicWalker.__init__;G;G
libnrl.walker.BasicWalker.simulate_walks;G;libnrl.walker.BasicWalker.simulate_walks.G
libnrl.walker.BasicWalker.simulate_walks;G;libnrl.walker.BasicWalker.simulate_walks.G
libnrl.walker.BasicWalker.simulate_walks;G.nodes();graph.Graph.nodes
libnrl.walker.Walker.__init__;G;G
libnrl.walker.Walker.__init__;G;G
libnrl.walker.Walker.__init__;G;G
libnrl.walker.Walker.simulate_walks;G;libnrl.walker.Walker.simulate_walks.G
libnrl.walker.Walker.simulate_walks;G;libnrl.walker.Walker.simulate_walks.G
libnrl.walker.Walker.simulate_walks;G.nodes();graph.Graph.nodes
libnrl.walker.Walker.get_alias_edge;G;libnrl.walker.Walker.get_alias_edge.G
libnrl.walker.Walker.get_alias_edge;G;libnrl.walker.Walker.get_alias_edge.G
libnrl.walker.Walker.get_alias_edge;G;libnrl.walker.Walker.get_alias_edge.G
libnrl.walker.Walker.get_alias_edge;G.has_edge(dst_nbr;src);graph.Graph.has_edge
libnrl.walker.Walker.preprocess_transition_probs;G;libnrl.walker.Walker.preprocess_transition_probs.G
libnrl.walker.Walker.preprocess_transition_probs;G;libnrl.walker.Walker.preprocess_transition_probs.G
libnrl.walker.Walker.preprocess_transition_probs;G.nodes();graph.Graph.nodes
libnrl.walker.Walker.preprocess_transition_probs;G;libnrl.walker.Walker.preprocess_transition_probs.G
libnrl.walker.Walker.preprocess_transition_probs;G;libnrl.walker.Walker.preprocess_transition_probs.G
performTADW.main;g;performTADW.main.g
performTADW.main;g;performTADW.main.g
performTADW.main;g.read_adjlist(8);libnrl.graph.Graph.read_adjlist
performTADW.main;g;performTADW.main.g
performTADW.main;g.read_edgelist(8;11;13);libnrl.graph.Graph.read_edgelist
performTADW.main;args;args
performTADW.main;args.p;libnrl.walker.Walker.p
performTADW.main;args;args
performTADW.main;args.q;libnrl.walker.Walker.q
performTADW.main;args;args
performTADW.main;args.epochs;libnrl.gcn.gcnAPI.GCN.epochs
performTADW.main;args;args
performTADW.main;args;args
performTADW.main;args.clf_ratio;libnrl.gcn.gcnAPI.GCN.clf_ratio
performTADW.main;g;performTADW.main.g
performTADW.main;g.read_node_features(47);libnrl.graph.Graph.read_node_features
performTADW.main;g;performTADW.main.g
performTADW.main;args;args
performTADW.main;g;performTADW.main.g
performTADW.main;g.read_node_label(33);libnrl.graph.Graph.read_node_label
performTADW.main;args;args
performTADW.main;args;args
preprocessing.angrGraphGen;cfg1;preprocessing.angrGraphGen.cfg1
preprocessing.angrGraphGen;cfg1;preprocessing.angrGraphGen.cfg1
preprocessing.angrGraphGen;cfg2;preprocessing.angrGraphGen.cfg2
preprocessing.angrGraphGen;cfg2;preprocessing.angrGraphGen.cfg2
preprocessing.angrGraphGen;cfg1;preprocessing.angrGraphGen.cfg1
preprocessing.angrGraphGen;cfg1;preprocessing.angrGraphGen.cfg1
preprocessing.angrGraphGen;cfg2;preprocessing.angrGraphGen.cfg2
preprocessing.angrGraphGen;cfg2;preprocessing.angrGraphGen.cfg2
preprocessing.functionIndexToCodeGen;function;preprocessing.functionIndexToCodeGen.function
preprocessing.functionIndexToCodeGen;function;preprocessing.functionIndexToCodeGen.function
preprocessing.functionIndexToCodeGen;function;preprocessing.functionIndexToCodeGen.function
preprocessing.functionIndexToCodeGen;function;preprocessing.functionIndexToCodeGen.function
preprocessing.functionIndexToCodeGen;function;preprocessing.functionIndexToCodeGen.function
