Source;Target;VisibleType;PrimitiveType;Weight
1408;1431;Explicit;Call;1
1408;126;Explicit;Call;1
646;625;Explicit;Call;1
646;137;Explicit;Call;1
646;635;Explicit;Call;1
135;130;Explicit;Call;1
1032;1002;Explicit;Call;1
1418;1408;Explicit;Call;1
1418;103;Explicit;Call;1
1418;1431;Explicit;Call;1
1291;1324;Explicit;Call;1
525;513;Explicit;Call;1
398;388;Explicit;Call;1
914;906;Explicit;Call;1
914;909;Explicit;Call;3
1171;1090;Explicit;Call;2
1171;1112;Explicit;Call;3
1171;553;Explicit;Call;1
1171;524;Explicit;Call;1
1171;1198;Explicit;Call;1
1171;575;Explicit;Call;1
148;103;Explicit;Call;1
148;139;Explicit;Call;1
1561;1556;Explicit;Call;1
538;547;Explicit;Call;1
1051;1084;Explicit;Call;1
156;103;Explicit;Call;1
156;139;Explicit;Call;1
1692;1677;Explicit;Call;1
1313;137;Explicit;Call;1
1825;1822;Explicit;Call;1
547;514;Explicit;Call;1
164;211;Explicit;Call;1
421;392;Explicit;Call;1
421;398;Explicit;Call;1
806;804;Explicit;Call;1
806;812;Explicit;Call;1
806;814;Explicit;Call;1
553;532;Explicit;Call;1
553;538;Explicit;Call;1
1449;1232;Explicit;Import;1
1449;1089;Explicit;Import;1
1449;1206;Explicit;Import;1
1449;582;Explicit;Import;1
1449;1050;Explicit;Import;1
1449;524;Explicit;Import;1
1449;991;Explicit;Import;1
1449;575;Explicit;Import;1
300;294;Explicit;Call;1
1324;1313;Explicit;Call;1
1324;1301;Explicit;Call;1
1324;1326;Explicit;Call;1
1453;1026;Explicit;Call;1
1453;583;Explicit;Call;1
1453;1032;Explicit;Call;1
1453;553;Explicit;Call;1
1453;524;Explicit;Call;1
1453;1007;Explicit;Call;1
1453;1233;Explicit;Call;1
1453;1010;Explicit;Call;1
1453;1170;Explicit;Call;2
1453;1207;Explicit;Call;2
1453;1080;Explicit;Call;1
1453;1050;Explicit;Call;1
1453;575;Explicit;Call;1
46;2;Explicit;Call;1
46;35;Explicit;Call;1
46;20;Explicit;Call;1
46;39;Explicit;Call;1
46;10;Explicit;Call;1
1198;1164;Explicit;Call;3
816;816;Explicit;Call;1
1584;1598;Explicit;Call;2
178;166;Explicit;Call;1
178;184;Explicit;Call;1
178;110;Explicit;Call;1
1842;1886;Explicit;Call;1
949;951;Explicit;Call;2
694;678;Explicit;Call;1
1206;1344;Explicit;Import;1
1208;1349;Explicit;Call;1
1208;103;Explicit;Call;1
1208;1401;Explicit;Call;1
1208;1418;Explicit;Call;1
1208;1374;Explicit;Call;1
1465;1450;Explicit;Call;1
1465;1453;Explicit;Call;1
442;421;Explicit;Call;1
826;785;Explicit;Inherit;1
954;949;Explicit;Call;1
827;806;Explicit;Call;1
1084;1059;Explicit;Call;1
1084;1066;Explicit;Call;1
1084;1071;Explicit;Call;1
190;114;Explicit;Call;1
190;100;Explicit;Call;1
1089;524;Explicit;Import;1
1089;575;Explicit;Import;1
1345;1357;Explicit;Call;1
1091;1108;Explicit;Call;1
1091;1142;Explicit;Call;1
1091;137;Explicit;Call;1
196;206;Explicit;Call;1
708;705;Explicit;Call;1
69;46;Explicit;Call;1
582;782;Explicit;Import;1
966;960;Explicit;Call;1
966;949;Explicit;Call;1
1862;1886;Explicit;Call;1
327;322;Explicit;Call;1
327;319;Explicit;Call;1
584;646;Explicit;Call;1
584;616;Explicit;Call;2
584;651;Explicit;Call;1
584;845;Explicit;Call;1
584;622;Explicit;Call;1
202;100;Explicit;Call;1
202;110;Explicit;Call;1
714;693;Explicit;Inherit;1
715;712;Explicit;Call;1
77;103;Explicit;Call;1
845;785;Explicit;Inherit;1
206;114;Explicit;Call;1
206;100;Explicit;Call;1
206;110;Explicit;Call;1
846;806;Explicit;Call;1
336;327;Explicit;Call;2
336;300;Explicit;Call;1
976;960;Explicit;Call;1
976;949;Explicit;Call;1
976;985;Explicit;Call;1
1234;1269;Explicit;Call;1
211;100;Explicit;Call;1
1748;1716;Explicit;Call;1
1367;103;Explicit;Call;1
1367;1357;Explicit;Call;1
88;77;Explicit;Call;1
1112;1123;Explicit;Call;1
217;100;Explicit;Call;1
735;688;Explicit;Call;1
735;728;Explicit;Call;1
735;681;Explicit;Call;1
1123;135;Explicit;Call;1
1123;1128;Explicit;Call;1
740;693;Explicit;Inherit;1
868;882;Explicit;Call;1
868;886;Explicit;Call;2
741;712;Explicit;Call;1
486;466;Explicit;Call;1
486;455;Explicit;Call;1
486;461;Explicit;Call;2
1639;1474;Explicit;Call;2
1639;1506;Explicit;Call;1
1639;1491;Explicit;Call;1
1639;1478;Explicit;Call;1
1639;1561;Explicit;Call;1
1639;1499;Explicit;Call;1
1639;1517;Explicit;Call;1
1639;1599;Explicit;Call;1
616;651;Explicit;Call;1
1768;1825;Explicit;Call;1
1768;1812;Explicit;Call;1
1768;1886;Explicit;Call;1
105;100;Explicit;Call;1
1002;103;Explicit;Call;1
1258;137;Explicit;Call;1
1386;1442;Explicit;Call;2
110;114;Explicit;Call;1
1007;1002;Explicit;Call;1
625;103;Explicit;Call;1
114;119;Explicit;Call;1
1010;1024;Explicit;Call;1
1269;1271;Explicit;Call;1
1269;1258;Explicit;Call;1
1269;1244;Explicit;Call;1
1142;135;Explicit;Call;1
1401;103;Explicit;Call;1
1401;1386;Explicit;Call;1
378;336;Explicit;Call;1
762;688;Explicit;Call;2
762;754;Explicit;Call;1
762;681;Explicit;Call;1
635;643;Explicit;Call;3
635;137;Explicit;Call;2
